run_id	Step	spearman_correlation
AutoML_d7a622d2-2038-48e4-b189-a664cee0c7b0_HD_10	0	0.638826126504506
AutoML_d7a622d2-2038-48e4-b189-a664cee0c7b0_HD_10	1	0.9579140268561075
AutoML_d7a622d2-2038-48e4-b189-a664cee0c7b0_HD_10	2	0.9574904485511967
AutoML_d7a622d2-2038-48e4-b189-a664cee0c7b0_HD_10	3	0.967078765766421
AutoML_d7a622d2-2038-48e4-b189-a664cee0c7b0_HD_10	4	0.9737550307687834
AutoML_d7a622d2-2038-48e4-b189-a664cee0c7b0_HD_10	5	0.978592552455672
AutoML_d7a622d2-2038-48e4-b189-a664cee0c7b0_HD_10	6	0.9820774769178493
AutoML_d7a622d2-2038-48e4-b189-a664cee0c7b0_HD_10	7	0.9836056974593378
AutoML_d7a622d2-2038-48e4-b189-a664cee0c7b0_HD_10	8	0.9854575160855766
AutoML_d7a622d2-2038-48e4-b189-a664cee0c7b0_HD_10	9	0.9828985155156259
AutoML_d7a622d2-2038-48e4-b189-a664cee0c7b0_HD_10	10	0.9722931895789237
AutoML_d7a622d2-2038-48e4-b189-a664cee0c7b0_HD_10	11	0.9847738206952826
AutoML_d7a622d2-2038-48e4-b189-a664cee0c7b0_HD_10	12	0.9905475909903639
AutoML_d7a622d2-2038-48e4-b189-a664cee0c7b0_HD_10	13	0.992613989589973
AutoML_d7a622d2-2038-48e4-b189-a664cee0c7b0_HD_10	14	0.9936151919626074
AutoML_d7a622d2-2038-48e4-b189-a664cee0c7b0_HD_10	15	0.9944507025297302
AutoML_d7a622d2-2038-48e4-b189-a664cee0c7b0_HD_10	16	0.9951149963549067
AutoML_d7a622d2-2038-48e4-b189-a664cee0c7b0_HD_10	17	0.9949801446490362
AutoML_d7a622d2-2038-48e4-b189-a664cee0c7b0_HD_10	18	0.9949359221436886
AutoML_d7a622d2-2038-48e4-b189-a664cee0c7b0_HD_10	19	0.9935223836316359
AutoML_d7a622d2-2038-48e4-b189-a664cee0c7b0_HD_10	20	0.991576071738552
AutoML_d7a622d2-2038-48e4-b189-a664cee0c7b0_HD_10	21	0.9879477659697014
AutoML_d7a622d2-2038-48e4-b189-a664cee0c7b0_HD_10	22	0.9812623039724488
AutoML_d7a622d2-2038-48e4-b189-a664cee0c7b0_HD_10	23	0.9696455804430328
AutoML_d7a622d2-2038-48e4-b189-a664cee0c7b0_HD_10	24	0.96325579437926
AutoML_d7a622d2-2038-48e4-b189-a664cee0c7b0_HD_10	25	0.9559888055313323
AutoML_d7a622d2-2038-48e4-b189-a664cee0c7b0_HD_10	26	0.9476213542433509
AutoML_d7a622d2-2038-48e4-b189-a664cee0c7b0_HD_10	27	0.9359261072901157
AutoML_d7a622d2-2038-48e4-b189-a664cee0c7b0_HD_10	28	0.9247986449743216